,"CD4-positive, alpha-beta T cell","CD8-positive, alpha-beta T cell",classical monocyte,non-classical monocyte,B cell,natural killer cell,conventional dendritic cell
Androgen,0.17473939061164856,0.8493912816047668,0.664777398109436,0.36122381687164307,0.8791649341583252,0.845192551612854,0.9930307269096375
EGFR,0.051421813666820526,0.8493912816047668,0.42236170172691345,0.5700134634971619,0.8791649341583252,0.845192551612854,0.9930307269096375
Estrogen,0.9525002241134644,0.8493912816047668,0.42236170172691345,0.8153712153434753,0.9460798501968384,0.845192551612854,0.9930307269096375
Hypoxia,0.9317922592163086,0.8493912816047668,0.664777398109436,0.22567753493785858,0.9460798501968384,0.845192551612854,0.9930307269096375
JAK-STAT,0.0,0.0,0.0,0.0,0.0,0.0,0.0
MAPK,0.9317922592163086,0.323486328125,0.664777398109436,0.8153712153434753,0.9460798501968384,0.845192551612854,0.9930307269096375
NFkB,0.04609478637576103,0.9678046703338623,0.42236170172691345,0.8958538174629211,0.8791649341583252,0.8570829033851624,0.9930307269096375
PI3K,0.00010809166269609705,0.0016583407996222377,0.6265157461166382,0.8153712153434753,0.8791649341583252,0.167902410030365,0.9930307269096375
TGFb,0.9317922592163086,0.8174245953559875,0.664777398109436,0.5875385999679565,0.8791649341583252,0.9646860957145691,
TNFa,0.15021851658821106,0.9016746282577515,0.42236170172691345,0.8153712153434753,0.8791649341583252,0.9409215450286865,0.9930307269096375
Trail,0.9317922592163086,0.857380747795105,0.8730074167251587,0.8153712153434753,0.8791649341583252,0.9409215450286865,0.9930307269096375
VEGF,0.9317922592163086,0.8493912816047668,0.8730074167251587,0.8153712153434753,0.32060930132865906,0.845192551612854,0.9930307269096375
WNT,0.15021851658821106,0.8493912816047668,0.664777398109436,0.9145816564559937,0.9460798501968384,0.845192551612854,0.9930307269096375
p53,0.9317922592163086,0.995104193687439,0.664777398109436,0.04712396487593651,0.8791649341583252,0.845192551612854,0.9930307269096375
