scenario,cell_type,n_donors,n_SLE,n_sig,spearman_lfc_vs_main,sign_concordance_main_sig,mean_isg_log2fc
cohort4_only,"CD4-positive, alpha-beta T cell",82,39,999,0.8635661345615867,0.9974949899799599,2.058616996828993
cohort4_only,"CD8-positive, alpha-beta T cell",82,39,512,0.8222766886608784,0.9947275922671354,1.966780923878747
cohort4_only,classical monocyte,82,39,1362,0.8829048918010287,0.9948665297741273,2.099850764763832
cohort4_only,non-classical monocyte,82,39,516,0.9024407904456115,0.9970588235294118,2.022789648867352
cohort4_only,B cell,82,39,354,0.8207954846190911,0.9957173447537473,1.639757496137393
cohort4_only,natural killer cell,82,39,409,0.8522743742742448,0.9976303317535545,1.688202203414192
cohort4_only,conventional dendritic cell,80,37,233,0.8197257648289776,0.9970674486803519,2.0703076562072
no_low_depth,"CD4-positive, alpha-beta T cell",201,120,1726,0.973506544491183,1.0,1.9923683718200067
no_low_depth,"CD8-positive, alpha-beta T cell",201,120,1032,0.9735790822241678,1.0,1.9521083314506296
no_low_depth,classical monocyte,201,120,1785,0.9730816615760003,1.0,2.1359902021467554
no_low_depth,non-classical monocyte,201,120,727,0.98048688278685,1.0,2.217517506703822
no_low_depth,B cell,199,118,363,0.9526481881166894,1.0,1.6921733026865358
no_low_depth,natural killer cell,199,118,364,0.9607529205377833,1.0,1.8933684551136265
no_low_depth,conventional dendritic cell,199,118,355,0.9639900444765277,1.0,2.3643219811748524
