cell_type,Final Parameter,ETI 89% lower,ETI 89% upper,SD,Inclusion probability,Expected Sample,log2-fold change
"CD4-positive, alpha-beta T cell",0.305027910186197,0.17155261071333314,0.43096230881498643,0.016518858882567582,1.0,1434.9557505433154,0.297379724338164
B cell,0.0,-0.2360492750425118,0.06687628972910067,0.08501424344243935,0.4318,572.5204200536534,-0.14268252902018655
natural killer cell,0.0,-0.19542565571859138,0.0643920126703603,0.06052157646961092,0.393,279.68508571159083,-0.14268252902018655
classical monocyte,0.0,0.0,0.0,0.0817706656888105,0.0,605.5635397715221,-0.14268252902018688
"CD8-positive, alpha-beta T cell",0.0,-0.08689569732284616,0.17231032449824396,0.07216364998192078,0.367,813.1890847593016,-0.14268252902018672
lymphocyte,0.0,-0.1550817689456365,0.18188951761323016,0.04747062344046864,0.3744,34.756605639732975,-0.14268252902018688
non-classical monocyte,0.0,-0.20064245703005326,0.13534827312000589,0.04343233277671016,0.3866,118.76655704718905,-0.14268252902018688
conventional dendritic cell,0.0,-0.11710873239674874,0.23818753854848113,0.0,0.4366,75.0304242921374,-0.14268252902018672
plasmablast,0.0,-0.2335364107287671,0.20730181469588557,0.0,0.4006,16.983053622061938,-0.14268252902018688
progenitor cell,0.0,-0.26099928678923245,0.13075864471365928,0.0,0.4306,15.837065861361026,-0.14268252902018688
plasmacytoid dendritic cell,0.0,-0.23151652281180962,0.1993353799459336,0.0,0.4196,38.86130158702352,-0.14268252902018688
