,ref=pDC,ref=pDC,ref=pDC,ref=NK,ref=NK,ref=NK,ref=cM,ref=cM,ref=cM
,Final Parameter,Inclusion probability,log2-fold change,Final Parameter,Inclusion probability,log2-fold change,Final Parameter,Inclusion probability,log2-fold change
cell_type,,,,,,,,,
"CD4-positive, alpha-beta T cell",-1.176384010746836,1.0,-0.820259111196766,-0.7866686224021018,1.0,-0.7429585818711201,-1.0743728042719856,1.0,-0.7597786135665867
B cell,-0.9237932522169132,1.0,-0.45584767649126484,-0.5833157449408427,1.0,-0.4495823940072607,-0.8333166123611864,1.0,-0.41200804092129845
natural killer cell,-0.8161846677435615,1.0,-0.3006013053144788,0.0,0.0,0.39196433849134454,-0.7173351340249952,1.0,-0.24468213729070454
classical monocyte,0.0,0.637,0.8769042672887635,0.22260152107195552,0.942,0.7131104490361946,0.0,0.0,0.7902137032225758
"CD8-positive, alpha-beta T cell",-0.5932869693792594,1.0,0.02097209874126314,-0.24480708087897712,0.9534,0.03878237693274099,-0.5141694326610532,1.0,0.04842401254578268
lymphocyte,0.0,0.2374,0.8769042672887635,0.0,0.3738,0.39196433849134454,0.0,0.2148,0.7902137032225757
non-classical monocyte,-0.29105754634243275,0.8536,0.45699698856722615,0.0,0.2462,0.39196433849134454,0.0,0.5812,0.7902137032225757
conventional dendritic cell,-0.4858390728712193,0.9991,0.17598664618736384,0.0,0.6994,0.39196433849134454,-0.41219652480145735,0.993,0.19553982101984863
plasmablast,0.0,0.5637,0.8769042672887635,0.0,0.3836,0.39196433849134454,0.0,0.4654,0.7902137032225757
progenitor cell,0.0,0.5166,0.8769042672887635,0.0,0.3708,0.3919643384913443,0.0,0.4346,0.7902137032225757
plasmacytoid dendritic cell,0.0,0.0,0.8769042672887635,-0.3426326998307805,0.877,-0.10235015840091914,-0.4808652231601414,0.9894,0.09647183043347474
