,all donors,cohort 4 only
clr_plasmacytoid dendritic cell,-0.34647823018943447,-0.028398949529495475
"clr_CD4-positive, alpha-beta T cell",-0.2758624021535215,-0.1654987620260515
clr_plasmablast,-0.11330332463042786,-0.1335390271298103
clr_natural killer cell,-0.09847569467992803,-0.08695053961709606
clr_B cell,-0.08047429222050367,-0.06093124082075838
clr_progenitor cell,-0.013993808323292426,-0.11222152425816175
clr_conventional dendritic cell,0.030441646520252597,-0.03549054880015928
"clr_CD8-positive, alpha-beta T cell",0.06780403802516408,0.09927433027954655
clr_non-classical monocyte,0.21866639556684409,0.07848038194698836
clr_lymphocyte,0.3007862827365073,0.25751248593080434
clr_classical monocyte,0.5156054655414578,0.3062234328622151
ifn_score,0.6068134595334251,0.3528964278928198
